"","Date","Attendance","Opp","Vs","STATION","NAME","LATITUDE","LONGITUDE","ELEVATION","AWND","AWND_ATTRIBUTES","PRCP","PRCP_ATTRIBUTES","SNOW","SNOW_ATTRIBUTES","SNWD","SNWD_ATTRIBUTES","TAVG","TAVG_ATTRIBUTES","TMAX","TMAX_ATTRIBUTES","TMIN","TMIN_ATTRIBUTES","WT01","WT01_ATTRIBUTES","WT02","WT02_ATTRIBUTES","WT03","WT03_ATTRIBUTES","WT04","WT04_ATTRIBUTES","WT05","WT05_ATTRIBUTES","WT06","WT06_ATTRIBUTES","WT08","WT08_ATTRIBUTES","WT09","WT09_ATTRIBUTES","WT13","WT13_ATTRIBUTES","WT14","WT14_ATTRIBUTES","WT15","WT15_ATTRIBUTES","WT16","WT16_ATTRIBUTES","WT17","WT17_ATTRIBUTES","WT18","WT18_ATTRIBUTES","WT19","WT19_ATTRIBUTES","WT22","WT22_ATTRIBUTES","Year"
"1","2012-11-02",18624,"Milwaukee",TRUE,"USW00014739","BOSTON, MA US",42.3606,-71.0097,3.7,9.62,",,X",0.03,",,X,2400",0,",,X",NA,NA,NA,"",52,",,X",45,",,X",NA,"",NA,"",NA,NA,NA,"",NA,NA,NA,NA,NA,"",NA,"",NA,"",NA,"",NA,NA,1,",,X",NA,NA,NA,"",NA,NA,NA,"","2012"
"2","2012-11-07",18624,"Washington",TRUE,"USW00014739","BOSTON, MA US",42.3606,-71.0097,3.7,23.04,",,X",0.33,",,X,2400",0.1,",,X",NA,NA,NA,"",45,",,X",32,",,X",1,",,W",NA,"",NA,NA,NA,"",NA,NA,NA,NA,NA,"",NA,"",1,",,X",NA,"",NA,NA,1,",,X",NA,NA,1,",,X",NA,NA,NA,"","2012"
"3","2012-11-09",18624,"Philadelphia",TRUE,"USW00014739","BOSTON, MA US",42.3606,-71.0097,3.7,12.97,",,X",0,",,X,2400",0,",,X",NA,NA,NA,"",53,",,X",38,",,X",NA,"",NA,"",NA,NA,NA,"",NA,NA,NA,NA,NA,"",NA,"",NA,"",NA,"",NA,NA,NA,"",NA,NA,NA,"",NA,NA,NA,"","2012"
"4","2012-11-14",18624,"Utah",TRUE,"USW00014739","BOSTON, MA US",42.3606,-71.0097,3.7,10.96,",,X",0,",,X,2400",0,",,X",NA,NA,NA,"",45,",,X",36,",,X",NA,"",NA,"",NA,NA,NA,"",NA,NA,NA,NA,NA,"",NA,"",NA,"",NA,"",NA,NA,NA,"",NA,NA,NA,"",NA,NA,NA,"","2012"
"5","2012-11-17",18624,"Toronto",TRUE,"USW00014739","BOSTON, MA US",42.3606,-71.0097,3.7,6.71,",,X",0,",,X,2400",0,",,X",NA,NA,NA,"",47,",,X",36,",,X",NA,"",NA,"",NA,NA,NA,"",NA,NA,NA,NA,NA,"",NA,"",NA,"",NA,"",NA,NA,NA,"",NA,NA,NA,"",NA,NA,NA,"","2012"
"6","2012-11-21",18624,"San Antonio",TRUE,"USW00014739","BOSTON, MA US",42.3606,-71.0097,3.7,9.4,",,X",0,",,X,2400",0,",,X",NA,NA,NA,"",49,",,X",38,",,X",NA,"",NA,"",NA,NA,NA,"",NA,NA,NA,NA,NA,"",NA,"",NA,"",NA,"",NA,NA,NA,"",NA,NA,NA,"",NA,NA,NA,"","2012"
"7","2012-11-23",18624,"Oklahoma City",TRUE,"USW00014739","BOSTON, MA US",42.3606,-71.0097,3.7,8.72,",,X",0,",,X,2400",0,",,X",NA,NA,NA,"",49,",,X",36,",,X",1,",,W",NA,"",NA,NA,NA,"",NA,NA,NA,NA,NA,"",NA,"",1,",,X",NA,"",NA,NA,NA,"",NA,NA,NA,"",NA,NA,NA,"","2012"
"8","2012-11-28",18624,"Brooklyn",TRUE,"USW00014739","BOSTON, MA US",42.3606,-71.0097,3.7,8.28,",,X",0,"T,,X,2400",0,"T,,X",NA,NA,NA,"",36,",,X",32,",,X",1,",,W",NA,"",NA,NA,NA,"",NA,NA,NA,NA,NA,"",NA,"",NA,"",1,",,X",NA,NA,NA,"",NA,NA,1,",,X",NA,NA,NA,"","2012"
"9","2012-11-30",18624,"Portland",TRUE,"USW00014739","BOSTON, MA US",42.3606,-71.0097,3.7,8.05,",,X",0,",,X,2400",0,",,X",NA,NA,NA,"",38,",,X",30,",,X",NA,"",NA,"",NA,NA,NA,"",NA,NA,NA,NA,NA,"",NA,"",NA,"",NA,"",NA,NA,NA,"",NA,NA,NA,"",NA,NA,NA,"","2012"
"10","2012-12-05",18624,"Minnesota",TRUE,"USW00014739","BOSTON, MA US",42.3606,-71.0097,3.7,15.88,",,X",0,"T,,X,2400",0,",,X",NA,NA,NA,"",57,",,X",33,",,X",NA,"",NA,"",NA,NA,NA,"",NA,NA,NA,NA,NA,"",NA,"",NA,"",NA,"",NA,NA,1,",,X",NA,NA,NA,"",NA,NA,NA,"","2012"
"11","2012-12-08",18624,"Philadelphia",TRUE,"USW00014739","BOSTON, MA US",42.3606,-71.0097,3.7,4.92,",,X",0.34,",,X,2400",0,",,X",NA,NA,NA,"",47,",,X",43,",,X",1,",,W",NA,"",NA,NA,NA,"",NA,NA,NA,NA,NA,"",NA,"",1,",,X",1,",,X",NA,NA,1,",,X",NA,NA,NA,"",NA,NA,NA,"","2012"
"12","2012-12-12",18624,"Dallas",TRUE,"USW00014739","BOSTON, MA US",42.3606,-71.0097,3.7,7.83,",,X",0,",,X,2400",0,",,X",NA,NA,NA,"",40,",,X",31,",,X",NA,"",NA,"",NA,NA,NA,"",NA,NA,NA,NA,NA,"",NA,"",NA,"",NA,"",NA,NA,NA,"",NA,NA,NA,"",NA,NA,NA,"","2012"
"13","2012-12-19",18624,"Cleveland",TRUE,"USW00014739","BOSTON, MA US",42.3606,-71.0097,3.7,15.43,",,X",0,"T,,X,2400",0,",,X",NA,NA,NA,"",45,",,X",38,",,X",NA,"",NA,"",NA,NA,NA,"",NA,NA,NA,NA,NA,"",NA,"",NA,"",NA,"",NA,NA,1,",,X",NA,NA,NA,"",NA,NA,NA,"","2012"
"14","2012-12-21",18624,"Milwaukee",TRUE,"USW00014739","BOSTON, MA US",42.3606,-71.0097,3.7,21.25,",,X",0.65,",,X,2400",0,",,X",NA,NA,NA,"",52,",,X",38,",,X",1,",,W",NA,"",NA,NA,NA,"",NA,NA,NA,NA,NA,"",NA,"",1,",,X",NA,"",NA,NA,1,",,X",NA,NA,NA,"",NA,NA,NA,"","2012"
"15","2013-01-02",18624,"Memphis",TRUE,"USW00014739","BOSTON, MA US",42.3606,-71.0097,3.7,13.65,",,X",0,"T,,X,2400",0,"T,,X",NA,NA,NA,"",30,",,X",12,",,X",NA,"",NA,"",NA,NA,NA,"",NA,NA,NA,NA,NA,"",NA,"",NA,"",NA,"",NA,NA,NA,"",NA,NA,1,",,X",NA,NA,NA,"","2013"
"16","2013-01-04",18624,"Indiana",TRUE,"USW00014739","BOSTON, MA US",42.3606,-71.0097,3.7,12.97,",,X",0,",,X,2400",0,",,X",NA,NA,NA,"",38,",,X",21,",,X",NA,"",NA,"",NA,NA,NA,"",NA,NA,NA,NA,NA,"",NA,"",NA,"",NA,"",NA,NA,NA,"",NA,NA,NA,"",NA,NA,NA,"","2013"
"17","2013-01-09",18624,"Phoenix",TRUE,"USW00014739","BOSTON, MA US",42.3606,-71.0097,3.7,7.83,",,X",0,"T,,X,2400",0,",,X",NA,NA,NA,"",46,",,X",28,",,X",NA,"",NA,"",NA,NA,NA,"",NA,NA,NA,NA,1,",,W",NA,"",NA,"",NA,"",NA,NA,1,",,X",NA,NA,NA,"",NA,NA,NA,"","2013"
"18","2013-01-11",18624,"Houston",TRUE,"USW00014739","BOSTON, MA US",42.3606,-71.0097,3.7,4.47,",,X",0.12,",,X,2400",0,",,X",NA,NA,NA,"",40,",,X",31,",,X",1,",,W",NA,"",NA,NA,NA,"",NA,NA,NA,NA,NA,"",NA,"",1,",,X",NA,"",NA,NA,1,",,X",NA,NA,NA,"",NA,NA,NA,"","2013"
"19","2013-01-14",18624,"Charlotte",TRUE,"USW00014739","BOSTON, MA US",42.3606,-71.0097,3.7,13.2,",,X",0,",,X,2400",0,",,X",NA,NA,NA,"",61,",,X",42,",,X",NA,"",NA,"",NA,NA,NA,"",NA,NA,NA,NA,NA,"",NA,"",NA,"",NA,"",NA,NA,NA,"",NA,NA,NA,"",NA,NA,NA,"","2013"
"20","2013-01-16",18624,"New Orleans",TRUE,"USW00014739","BOSTON, MA US",42.3606,-71.0097,3.7,6.49,",,X",0.37,",,X,2400",3.2,",,X",NA,NA,NA,"",36,",,X",30,",,X",NA,"",NA,"",NA,NA,1,",,X",NA,NA,NA,NA,NA,"",NA,"",NA,"",1,",,X",NA,NA,1,",,X",NA,NA,1,",,X",NA,NA,NA,"","2013"
"21","2013-01-18",18624,"Chicago",TRUE,"USW00014739","BOSTON, MA US",42.3606,-71.0097,3.7,12.97,",,X",0,",,X,2400",0,",,X",NA,NA,NA,"",30,",,X",19,",,X",NA,"",NA,"",NA,NA,NA,"",NA,NA,NA,NA,NA,"",NA,"",NA,"",NA,"",NA,NA,NA,"",NA,NA,NA,"",NA,NA,NA,"","2013"
"22","2013-01-24",18624,"New York",TRUE,"USW00014739","BOSTON, MA US",42.3606,-71.0097,3.7,17.45,",,X",0,",,X,2400",0,",,X",NA,NA,NA,"",21,",,X",4,",,X",NA,"",NA,"",NA,NA,NA,"",NA,NA,NA,NA,NA,"",NA,"",NA,"",NA,"",NA,NA,NA,"",NA,NA,NA,"",NA,NA,NA,"","2013"
"23","2013-01-27",18624,"Miami",TRUE,"USW00014739","BOSTON, MA US",42.3606,-71.0097,3.7,13.87,",,X",0,",,X,2400",0,",,X",NA,NA,NA,"",32,",,X",14,",,X",NA,"",NA,"",NA,NA,NA,"",NA,NA,NA,NA,NA,"",NA,"",NA,"",NA,"",NA,NA,NA,"",NA,NA,NA,"",NA,NA,NA,"","2013"
"24","2013-01-30",18624,"Sacramento",TRUE,"USW00014739","BOSTON, MA US",42.3606,-71.0097,3.7,14.54,",,X",0.06,",,X,2400",0,",,X",NA,NA,NA,"",60,",,X",33,",,X",1,",,W",NA,"",NA,NA,NA,"",NA,NA,NA,NA,NA,"",NA,"",1,",,X",1,",,X",NA,NA,1,",,X",NA,NA,NA,"",NA,NA,NA,"","2013"
"25","2013-02-01",18624,"Orlando",TRUE,"USW00014739","BOSTON, MA US",42.3606,-71.0097,3.7,17,",,X",0,",,X,2400",0,",,X",NA,NA,NA,"",34,",,X",23,",,X",NA,"",NA,"",NA,NA,NA,"",NA,NA,NA,NA,NA,"",NA,"",NA,"",NA,"",NA,NA,NA,"",NA,NA,NA,"",NA,NA,NA,"","2013"
"26","2013-02-03",18624,"LA",TRUE,"USW00014739","BOSTON, MA US",42.3606,-71.0097,3.7,8.05,",,X",0.03,",,X,2400",0.6,",,X",NA,NA,NA,"",27,",,X",23,",,X",NA,"",NA,"",NA,NA,NA,"",NA,NA,NA,NA,1,",,W",NA,"",NA,"",NA,"",NA,NA,NA,"",NA,NA,1,",,X",NA,NA,NA,"","2013"
"27","2013-02-07",18624,"Los Angeles",TRUE,"USW00014739","BOSTON, MA US",42.3606,-71.0097,3.7,9.17,",,X",0,",,X,2400",0,",,X",NA,NA,NA,"",30,",,X",18,",,X",NA,"",NA,"",NA,NA,NA,"",NA,NA,NA,NA,NA,"",NA,"",NA,"",NA,"",NA,NA,NA,"",NA,NA,NA,"",NA,NA,NA,"","2013"
"28","2013-02-10",18624,"Denver",TRUE,"USW00014739","BOSTON, MA US",42.3606,-71.0097,3.7,8.5,",,X",0,",,X,2400",0,",,X",NA,NA,NA,"",36,",,X",15,",,X",NA,"",NA,"",NA,NA,NA,"",NA,NA,NA,NA,NA,"",NA,"",NA,"",NA,"",NA,NA,NA,"",NA,NA,NA,"",NA,NA,NA,"","2013"
"29","2013-02-13",18624,"Chicago",TRUE,"USW00014739","BOSTON, MA US",42.3606,-71.0097,3.7,7.16,",,X",0,",,X,2400",0,",,X",NA,NA,NA,"",42,",,X",30,",,X",NA,"",NA,"",NA,NA,NA,"",NA,NA,NA,NA,NA,"",NA,"",NA,"",NA,"",NA,NA,NA,"",NA,NA,NA,"",NA,NA,NA,"","2013"
"30","2013-03-01",18624,"Golden State",TRUE,"USW00014739","BOSTON, MA US",42.3606,-71.0097,3.7,9.4,",,X",0,",,X,2400",0,",,X",NA,NA,NA,"",41,",,X",34,",,X",NA,"",NA,"",NA,NA,NA,"",NA,NA,NA,NA,NA,"",NA,"",NA,"",NA,"",NA,NA,NA,"",NA,NA,NA,"",NA,NA,NA,"","2013"
"31","2013-03-08",18624,"Atlanta",TRUE,"USW00014739","BOSTON, MA US",42.3606,-71.0097,3.7,18.34,",,X",0.94,",,X,2400",10.5,",,X",NA,NA,NA,"",42,",,X",28,",,X",NA,"",1,",,X",NA,NA,NA,"",NA,NA,NA,NA,NA,"",1,",,X",NA,"",NA,"",NA,NA,1,",,X",NA,NA,1,",,X",NA,NA,NA,"","2013"
"32","2013-03-13",18624,"Toronto",TRUE,"USW00014739","BOSTON, MA US",42.3606,-71.0097,3.7,12.53,",,X",0,"T,,X,2400",0,",,X",NA,NA,NA,"",51,",,X",39,",,X",NA,"",NA,"",NA,NA,NA,"",NA,NA,NA,NA,NA,"",NA,"",NA,"",1,",,X",NA,NA,1,",,X",NA,NA,NA,"",NA,NA,NA,"","2013"
"33","2013-03-16",18624,"Charlotte",TRUE,"USW00014739","BOSTON, MA US",42.3606,-71.0097,3.7,8.28,",,X",0,",,X,2400",0,",,X",NA,NA,NA,"",40,",,X",30,",,X",NA,"",NA,"",NA,NA,NA,"",NA,NA,NA,NA,NA,"",NA,"",NA,"",NA,"",NA,NA,NA,"",NA,NA,NA,"",NA,NA,NA,"","2013"
"34","2013-03-18",18624,"Miami",TRUE,"USW00014739","BOSTON, MA US",42.3606,-71.0097,3.7,10.29,",,X",0.12,",,X,2400",0.9,",,X",NA,NA,NA,"",33,",,X",21,",,X",1,",,W",NA,"",NA,NA,NA,"",NA,NA,NA,NA,NA,"",NA,"",1,",,X",NA,"",NA,NA,NA,"",NA,NA,1,",,X",NA,NA,1,",,X","2013"
"35","2013-03-26",18624,"New York",TRUE,"USW00014739","BOSTON, MA US",42.3606,-71.0097,3.7,10.51,",,X",0.05,",,X,2400",0,"T,,X",NA,NA,NA,"",50,",,X",34,",,X",1,",,W",NA,"",NA,NA,NA,"",NA,NA,NA,NA,NA,"",NA,"",1,",,X",NA,"",NA,NA,1,",,X",NA,NA,1,",,X",NA,NA,NA,"","2013"
"36","2013-03-29",18624,"Atlanta",TRUE,"USW00014739","BOSTON, MA US",42.3606,-71.0097,3.7,8.72,",,X",0.01,",,X,2400",0,",,X",NA,NA,NA,"",56,",,X",40,",,X",NA,"",NA,"",NA,NA,NA,"",NA,NA,NA,NA,NA,"",NA,"",NA,"",NA,"",NA,NA,1,",,X",NA,NA,NA,"",NA,NA,NA,"","2013"
"37","2013-04-03",18624,"Detroit",TRUE,"USW00014739","BOSTON, MA US",42.3606,-71.0097,3.7,19.01,",,W",0,",,W,2400",0,",,W",NA,NA,37,"H,,S",47,",,W",31,",,W",NA,"",NA,"",NA,NA,NA,"",NA,NA,NA,NA,NA,"",NA,"",NA,"",NA,"",NA,NA,NA,"",NA,NA,NA,"",NA,NA,NA,"","2013"
"38","2013-04-05",18624,"Cleveland",TRUE,"USW00014739","BOSTON, MA US",42.3606,-71.0097,3.7,12.75,",,W",0,",,W,2400",0,",,W",NA,NA,46,"H,,S",57,",,W",38,",,W",NA,"",NA,"",NA,NA,NA,"",NA,NA,NA,NA,NA,"",NA,"",NA,"",NA,"",NA,NA,NA,"",NA,NA,NA,"",NA,NA,NA,"","2013"
"39","2013-04-07",18624,"Washington",TRUE,"USW00014739","BOSTON, MA US",42.3606,-71.0097,3.7,15.88,",,W",0,",,W,2400",0,",,W",NA,NA,42,"H,,S",54,",,W",32,",,W",NA,"",NA,"",NA,NA,NA,"",NA,NA,NA,NA,NA,"",NA,"",NA,"",NA,"",NA,NA,NA,"",NA,NA,NA,"",NA,NA,NA,"","2013"
"40","2013-04-10",18624,"Brooklyn",TRUE,"USW00014739","BOSTON, MA US",42.3606,-71.0097,3.7,6.04,",,W",0.19,",,W,2400",0,",,W",NA,NA,47,"H,,S",54,",,W",45,",,W",1,",,W",NA,"",NA,NA,NA,"",NA,NA,NA,NA,NA,"",NA,"",NA,"",NA,"",NA,NA,NA,"",NA,NA,NA,"",NA,NA,NA,"","2013"
"41","2013-11-01",18624,"Milwaukee",TRUE,"USW00014739","BOSTON, MA US",42.3606,-71.0097,3.7,21.03,",,W",0.03,",,W,2400",0,",,W",NA,NA,65,"H,,S",72,",,W",60,",,W",NA,"",NA,NA,NA,NA,NA,NA,NA,NA,NA,NA,NA,"",NA,NA,NA,NA,NA,NA,NA,NA,NA,NA,NA,NA,NA,NA,NA,NA,NA,NA,"2013"
"42","2013-11-06",17130,"Utah",TRUE,"USW00014739","BOSTON, MA US",42.3606,-71.0097,3.7,10.74,",,W",0,",,W,2400",0,",,W",NA,NA,49,"H,,S",61,",,W",42,",,W",NA,"",NA,NA,NA,NA,NA,NA,NA,NA,NA,NA,NA,"",NA,NA,NA,NA,NA,NA,NA,NA,NA,NA,NA,NA,NA,NA,NA,NA,NA,NA,"2013"
"43","2013-11-11",18624,"Orlando",TRUE,"USW00014739","BOSTON, MA US",42.3606,-71.0097,3.7,12.75,",,W",0,",,W,2400",0,",,W",NA,NA,46,"H,,S",53,",,W",41,",,W",NA,"",NA,NA,NA,NA,NA,NA,NA,NA,NA,NA,NA,"",NA,NA,NA,NA,NA,NA,NA,NA,NA,NA,NA,NA,NA,NA,NA,NA,NA,NA,"2013"
"44","2013-11-13",17032,"Charlotte",TRUE,"USW00014739","BOSTON, MA US",42.3606,-71.0097,3.7,12.75,",,W",0,",,W,2400",0,",,W",NA,NA,31,"H,,S",38,",,W",26,",,W",NA,"",NA,NA,NA,NA,NA,NA,NA,NA,NA,NA,NA,"",NA,NA,NA,NA,NA,NA,NA,NA,NA,NA,NA,NA,NA,NA,NA,NA,NA,NA,"2013"
"45","2013-11-15",18624,"Portland",TRUE,"USW00014739","BOSTON, MA US",42.3606,-71.0097,3.7,8.72,",,W",0,",,W,2400",0,",,W",NA,NA,47,"H,,S",62,",,W",38,",,W",NA,"",NA,NA,NA,NA,NA,NA,NA,NA,NA,NA,NA,"",NA,NA,NA,NA,NA,NA,NA,NA,NA,NA,NA,NA,NA,NA,NA,NA,NA,NA,"2013"
"46","2013-11-22",18624,"Indiana",TRUE,"USW00014739","BOSTON, MA US",42.3606,-71.0097,3.7,4.92,",,W",0.25,",,W,2400",0,",,W",NA,NA,44,"H,,S",48,",,W",42,",,W",NA,"",NA,NA,NA,NA,NA,NA,NA,NA,NA,NA,NA,"",NA,NA,NA,NA,NA,NA,NA,NA,NA,NA,NA,NA,NA,NA,NA,NA,NA,NA,"2013"
"47","2013-11-27",17319,"Memphis",TRUE,"USW00014739","BOSTON, MA US",42.3606,-71.0097,3.7,16.78,",,W",1.79,",,W,2400",0,",,W",NA,NA,51,"H,,S",62,",,W",39,",,W",1,",,W",NA,NA,NA,NA,NA,NA,NA,NA,NA,NA,NA,"",NA,NA,NA,NA,NA,NA,NA,NA,NA,NA,NA,NA,NA,NA,NA,NA,NA,NA,"2013"
"48","2013-11-29",17685,"Cleveland",TRUE,"USW00014739","BOSTON, MA US",42.3606,-71.0097,3.7,9.84,",,W",0,",,W,2400",0,",,W",NA,NA,29,"H,,S",35,",,W",23,",,W",NA,"",NA,NA,NA,NA,NA,NA,NA,NA,NA,NA,NA,"",NA,NA,NA,NA,NA,NA,NA,NA,NA,NA,NA,NA,NA,NA,NA,NA,NA,NA,"2013"
"49","2013-12-03",16649,"Milwaukee",TRUE,"USW00014739","BOSTON, MA US",42.3606,-71.0097,3.7,7.83,",,W",0,",,W,2400",0,",,W",NA,NA,40,"H,,S",49,",,W",36,",,W",NA,"",NA,NA,NA,NA,NA,NA,NA,NA,NA,NA,NA,"",NA,NA,NA,NA,NA,NA,NA,NA,NA,NA,NA,NA,NA,NA,NA,NA,NA,NA,"2013"
"50","2013-12-06",17263,"Denver",TRUE,"USW00014739","BOSTON, MA US",42.3606,-71.0097,3.7,10.74,",,W",0.3,",,W,2400",0,"T,,W",NA,NA,52,"H,,S",57,",,W",35,",,W",NA,"",NA,NA,NA,NA,NA,NA,NA,NA,NA,NA,NA,"",NA,NA,NA,NA,NA,NA,NA,NA,NA,NA,NA,NA,NA,NA,NA,NA,NA,NA,"2013"
"51","2013-12-11",17587,"LA",TRUE,"USW00014739","BOSTON, MA US",42.3606,-71.0097,3.7,13.87,",,W",0,",,W,2400",0,",,W",NA,NA,28,"H,,S",32,",,W",24,",,W",NA,"",NA,NA,NA,NA,NA,NA,NA,NA,NA,NA,NA,"",NA,NA,NA,NA,NA,NA,NA,NA,NA,NA,NA,NA,NA,NA,NA,NA,NA,NA,"2013"
"52","2013-12-13",17479,"New York",TRUE,"USW00014739","BOSTON, MA US",42.3606,-71.0097,3.7,13.65,",,W",0,",,W,2400",0,",,W",NA,NA,23,"H,,S",30,",,W",16,",,W",NA,"",NA,NA,NA,NA,NA,NA,NA,NA,NA,NA,NA,"",NA,NA,NA,NA,NA,NA,NA,NA,NA,NA,NA,NA,NA,NA,NA,NA,NA,NA,"2013"
"53","2013-12-16",17071,"Minnesota",TRUE,"USW00014739","BOSTON, MA US",42.3606,-71.0097,3.7,13.87,",,W",0,"T,,W,2400",0,"T,,W",NA,NA,28,"H,,S",30,",,W",20,",,W",NA,"",NA,NA,NA,NA,NA,NA,NA,NA,NA,NA,NA,"",NA,NA,NA,NA,NA,NA,NA,NA,NA,NA,NA,NA,NA,NA,NA,NA,NA,NA,"2013"
"54","2013-12-18",17101,"Detroit",TRUE,"USW00014739","BOSTON, MA US",42.3606,-71.0097,3.7,12.97,",,W",0,",,W,2400",0,"T,,W",NA,NA,25,"H,,S",36,",,W",19,",,W",NA,"",NA,NA,NA,NA,NA,NA,NA,NA,NA,NA,NA,"",NA,NA,NA,NA,NA,NA,NA,NA,NA,NA,NA,NA,NA,NA,NA,NA,NA,NA,"2013"
"55","2013-12-21",18169,"Washington",TRUE,"USW00014739","BOSTON, MA US",42.3606,-71.0097,3.7,11.41,",,W",0,",,W,2400",0,",,W",NA,NA,46,"H,,S",54,",,W",41,",,W",NA,"",NA,NA,NA,NA,NA,NA,NA,NA,NA,NA,NA,"",NA,NA,NA,NA,NA,NA,NA,NA,NA,NA,NA,NA,NA,NA,NA,NA,NA,NA,"2013"
"56","2013-12-28",18264,"Cleveland",TRUE,"USW00014739","BOSTON, MA US",42.3606,-71.0097,3.7,10.51,",,W",0,",,W,2400",0,",,W",NA,NA,35,"H,,S",48,",,W",27,",,W",NA,"",NA,NA,NA,NA,NA,NA,NA,NA,NA,NA,NA,"",NA,NA,NA,NA,NA,NA,NA,NA,NA,NA,NA,NA,NA,NA,NA,NA,NA,NA,"2013"
"57","2013-12-31",18624,"Atlanta",TRUE,"USW00014739","BOSTON, MA US",42.3606,-71.0097,3.7,9.4,",,W",0,"T,,W,2400",0,"T,,W",NA,NA,21,"H,,S",26,",,W",14,",,W",NA,"",NA,NA,NA,NA,NA,NA,NA,NA,NA,NA,NA,"",NA,NA,NA,NA,NA,NA,NA,NA,NA,NA,NA,NA,NA,NA,NA,NA,NA,NA,"2013"
"58","2014-01-03",18624,"New Orleans",TRUE,"USW00014739","BOSTON, MA US",42.3606,-71.0097,3.7,17,",,W",0.19,",,W,2400",4.5,",,W",NA,NA,6,"H,,S",14,",,W",2,",,W",NA,"",NA,NA,NA,NA,NA,NA,NA,NA,NA,NA,NA,"",NA,NA,NA,NA,NA,NA,NA,NA,NA,NA,NA,NA,NA,NA,NA,NA,NA,NA,"2014"
"59","2014-01-13",17750,"Houston",TRUE,"USW00014739","BOSTON, MA US",42.3606,-71.0097,3.7,11.41,",,W",0,",,W,2400",0,",,W",NA,NA,40,"H,,S",51,",,W",31,",,W",NA,"",NA,NA,NA,NA,NA,NA,NA,NA,NA,NA,NA,"",NA,NA,NA,NA,NA,NA,NA,NA,NA,NA,NA,NA,NA,NA,NA,NA,NA,NA,"2014"
"60","2014-01-15",17569,"Toronto",TRUE,"USW00014739","BOSTON, MA US",42.3606,-71.0097,3.7,6.49,",,W",0,"T,,W,2400",0,",,W",NA,NA,43,"H,,S",48,",,W",35,",,W",1,",,W",NA,NA,NA,NA,NA,NA,NA,NA,NA,NA,NA,"",NA,NA,NA,NA,NA,NA,NA,NA,NA,NA,NA,NA,NA,NA,NA,NA,NA,NA,"2014"
"61","2014-01-17",18624,"Los Angeles",TRUE,"USW00014739","BOSTON, MA US",42.3606,-71.0097,3.7,7.83,",,W",0,",,W,2400",0,",,W",NA,NA,39,"H,,S",46,",,W",33,",,W",NA,"",NA,NA,NA,NA,NA,NA,NA,NA,NA,NA,NA,"",NA,NA,NA,NA,NA,NA,NA,NA,NA,NA,NA,NA,NA,NA,NA,NA,NA,NA,"2014"
"62","2014-01-24",18624,"Oklahoma City",TRUE,"USW00014739","BOSTON, MA US",42.3606,-71.0097,3.7,13.65,",,W",0,",,W,2400",0,",,W",NA,NA,13,"H,,S",19,",,W",7,",,W",NA,"",NA,NA,NA,NA,NA,NA,NA,NA,NA,NA,NA,"",NA,NA,NA,NA,NA,NA,NA,NA,NA,NA,NA,NA,NA,NA,NA,NA,NA,NA,"2014"
"63","2014-01-26",18624,"Brooklyn",TRUE,"USW00014739","BOSTON, MA US",42.3606,-71.0097,3.7,15.66,",,W",0,",,W,2400",0,",,W",NA,NA,22,"H,,S",26,",,W",16,",,W",NA,"",NA,NA,NA,NA,NA,NA,NA,NA,NA,NA,NA,"",NA,NA,NA,NA,NA,NA,NA,NA,NA,NA,NA,NA,NA,NA,NA,NA,NA,NA,"2014"
"64","2014-01-29",18624,"Philadelphia",TRUE,"USW00014739","BOSTON, MA US",42.3606,-71.0097,3.7,9.84,",,W",0.01,",,W,2400",0,"T,,W",NA,NA,20,"H,,S",27,",,W",15,",,W",NA,"",NA,NA,NA,NA,NA,NA,NA,NA,NA,NA,1,",,W",NA,NA,NA,NA,NA,NA,NA,NA,NA,NA,NA,NA,NA,NA,NA,NA,NA,NA,"2014"
"65","2014-02-02",18624,"Orlando",TRUE,"USW00014739","BOSTON, MA US",42.3606,-71.0097,3.7,6.71,",,W",0.02,",,W,2400",0,",,W",NA,NA,40,"H,,S",55,",,W",31,",,W",NA,"",NA,NA,NA,NA,NA,NA,NA,NA,NA,NA,NA,"",NA,NA,NA,NA,NA,NA,NA,NA,NA,NA,NA,NA,NA,NA,NA,NA,NA,NA,"2014"
"66","2014-02-07",18624,"Sacramento",TRUE,"USW00014739","BOSTON, MA US",42.3606,-71.0097,3.7,10.74,",,W",0,",,W,2400",0,",,W",NA,NA,24,"H,,S",30,",,W",19,",,W",NA,"",NA,NA,NA,NA,NA,NA,NA,NA,NA,NA,NA,"",NA,NA,NA,NA,NA,NA,NA,NA,NA,NA,NA,NA,NA,NA,NA,NA,NA,NA,"2014"
"67","2014-02-09",17650,"Dallas",TRUE,"USW00014739","BOSTON, MA US",42.3606,-71.0097,3.7,7.61,",,W",0.03,",,W,2400",0.3,",,W",NA,NA,26,"H,,S",30,",,W",21,",,W",1,",,W",NA,NA,NA,NA,NA,NA,NA,NA,NA,NA,NA,"",NA,NA,NA,NA,NA,NA,NA,NA,NA,NA,NA,NA,NA,NA,NA,NA,NA,NA,"2014"
"68","2014-02-12",17922,"San Antonio",TRUE,"USW00014739","BOSTON, MA US",42.3606,-71.0097,3.7,7.61,",,W",0,",,W,2400",0,",,W",NA,NA,17,"H,,S",23,",,W",8,",,W",NA,"",NA,NA,NA,NA,NA,NA,NA,NA,NA,NA,NA,"",NA,NA,NA,NA,NA,NA,NA,NA,NA,NA,NA,NA,NA,NA,NA,NA,NA,NA,"2014"
"69","2014-02-26",16605,"Atlanta",TRUE,"USW00014739","BOSTON, MA US",42.3606,-71.0097,3.7,11.63,",,W",0,",,W,2400",0,",,W",NA,NA,24,"H,,S",32,",,W",16,",,W",NA,"",NA,NA,NA,NA,NA,NA,NA,NA,NA,NA,NA,"",NA,NA,NA,NA,NA,NA,NA,NA,NA,NA,NA,NA,NA,NA,NA,NA,NA,NA,"2014"
"70","2014-03-01",18624,"Indiana",TRUE,"USW00014739","BOSTON, MA US",42.3606,-71.0097,3.7,8.05,",,W",0,",,W,2400",0,",,W",NA,NA,24,"H,,S",36,",,W",16,",,W",NA,"",NA,NA,NA,NA,NA,NA,NA,NA,NA,NA,NA,"",NA,NA,NA,NA,NA,NA,NA,NA,NA,NA,NA,NA,NA,NA,NA,NA,NA,NA,"2014"
"71","2014-03-05",18155,"Golden State",TRUE,"USW00014739","BOSTON, MA US",42.3606,-71.0097,3.7,9.62,",,W",0,"T,,W,2400",0.1,",,W",NA,NA,26,"H,,S",29,",,W",20,",,W",NA,"",NA,NA,NA,NA,NA,NA,NA,NA,NA,NA,NA,"",NA,NA,NA,NA,NA,NA,NA,NA,NA,NA,NA,NA,NA,NA,NA,NA,NA,NA,"2014"
"72","2014-03-07",18195,"Brooklyn",TRUE,"USW00014739","BOSTON, MA US",42.3606,-71.0097,3.7,4.7,",,W",0,",,W,2400",0,",,W",NA,NA,25,"H,,S",34,",,W",16,",,W",NA,"",NA,NA,NA,NA,NA,NA,NA,NA,NA,NA,NA,"",NA,NA,NA,NA,NA,NA,NA,NA,NA,NA,NA,NA,NA,NA,NA,NA,NA,NA,"2014"
"73","2014-03-09",18624,"Detroit",TRUE,"USW00014739","BOSTON, MA US",42.3606,-71.0097,3.7,10.51,",,W",0,",,W,2400",0,",,W",NA,NA,37,"H,,S",43,",,W",30,",,W",NA,"",NA,NA,NA,NA,NA,NA,NA,NA,NA,NA,NA,"",NA,NA,NA,NA,NA,NA,NA,NA,NA,NA,NA,NA,NA,NA,NA,NA,NA,NA,"2014"
"74","2014-03-12",18624,"New York",TRUE,"USW00014739","BOSTON, MA US",42.3606,-71.0097,3.7,4.92,",,W",0.43,",,W,2400",0,",,W",NA,NA,42,"H,,S",46,",,W",37,",,W",1,",,W",NA,NA,NA,NA,NA,NA,NA,NA,NA,NA,NA,"",NA,NA,NA,NA,NA,NA,NA,NA,NA,NA,NA,NA,NA,NA,NA,NA,NA,NA,"2014"
"75","2014-03-14",18624,"Phoenix",TRUE,"USW00014739","BOSTON, MA US",42.3606,-71.0097,3.7,14.09,",,W",0,",,W,2400",0,",,W",NA,NA,24,"H,,S",39,",,W",16,",,W",NA,"",NA,NA,NA,NA,NA,NA,NA,NA,NA,NA,NA,"",NA,NA,NA,NA,NA,NA,NA,NA,NA,NA,NA,NA,NA,NA,NA,NA,NA,NA,"2014"
"76","2014-03-19",18624,"Miami",TRUE,"USW00014739","BOSTON, MA US",42.3606,-71.0097,3.7,10.29,",,W",0,"T,,W,2400",0,",,W",NA,NA,33,"H,,S",41,",,W",27,",,W",NA,"",NA,NA,NA,NA,NA,NA,NA,NA,NA,NA,NA,"",NA,NA,NA,NA,NA,NA,NA,NA,NA,NA,NA,NA,NA,NA,NA,NA,NA,NA,"2014"
"77","2014-03-26",18341,"Toronto",TRUE,"USW00014739","BOSTON, MA US",42.3606,-71.0097,3.7,25.95,",,W",0,"T,,W,2400",0,"T,,W",NA,NA,32,"H,,S",35,",,W",24,",,W",NA,"",NA,NA,NA,NA,NA,NA,NA,NA,NA,NA,NA,"",NA,NA,NA,NA,NA,NA,NA,NA,NA,NA,NA,NA,NA,NA,NA,NA,NA,NA,"2014"
"78","2014-03-30",18624,"Chicago",TRUE,"USW00014739","BOSTON, MA US",42.3606,-71.0097,3.7,17.22,",,W",2.23,",,W,2400",0,",,W",NA,NA,40,"H,,S",43,",,W",36,",,W",1,",,W",NA,NA,NA,NA,NA,NA,NA,NA,NA,NA,NA,"",NA,NA,NA,NA,NA,NA,NA,NA,NA,NA,NA,NA,NA,NA,NA,NA,NA,NA,"2014"
"79","2014-04-04",18624,"Philadelphia",TRUE,"USW00014739","BOSTON, MA US",42.3606,-71.0097,3.7,11.18,",,W",0.26,",,W,2400",0,",,W",NA,NA,40,"H,,S",44,",,W",37,",,W",1,",,W",NA,NA,NA,NA,NA,NA,NA,NA,NA,NA,NA,"",NA,NA,NA,NA,NA,NA,NA,NA,NA,NA,NA,NA,NA,NA,NA,NA,NA,NA,"2014"
"80","2014-04-11",18624,"Charlotte",TRUE,"USW00014739","BOSTON, MA US",42.3606,-71.0097,3.7,10.07,",,W",0,"T,,W,2400",0,",,W",NA,NA,56,"H,,S",69,",,W",48,",,W",NA,"",NA,NA,NA,NA,NA,NA,NA,NA,NA,NA,NA,"",NA,NA,NA,NA,NA,NA,NA,NA,NA,NA,NA,NA,NA,NA,NA,NA,NA,NA,"2014"
"81","2014-04-16",18624,"Washington",TRUE,"USW00014739","BOSTON, MA US",42.3606,-71.0097,3.7,14.99,",,W",0.36,",,W,2400",0.3,",,W",NA,NA,42,"H,,S",45,",,W",31,",,W",NA,"",NA,NA,NA,NA,NA,NA,NA,NA,NA,NA,NA,"",NA,NA,NA,NA,NA,NA,NA,NA,NA,NA,NA,NA,NA,NA,NA,NA,NA,NA,"2014"
"82","2014-10-29",18624,"Brooklyn",TRUE,"USW00014739","BOSTON, MA US",42.3606,-71.0097,3.7,6.71,",,W",0.02,",,W,2400",0,",,W",NA,NA,60,"H,,S",74,",,W",52,",,W",1,",,W",NA,"",NA,NA,NA,"",NA,NA,NA,"",NA,"",NA,"",NA,NA,NA,NA,NA,NA,NA,NA,NA,NA,NA,NA,NA,NA,NA,NA,"2014"
"83","2014-11-05",16249,"Toronto",TRUE,"USW00014739","BOSTON, MA US",42.3606,-71.0097,3.7,9.17,",,W",0,",,W,2400",0,",,W",NA,NA,58,"H,,S",66,",,W",47,",,W",NA,"",NA,"",NA,NA,NA,"",NA,NA,NA,"",NA,"",NA,"",NA,NA,NA,NA,NA,NA,NA,NA,NA,NA,NA,NA,NA,NA,NA,NA,"2014"
"84","2014-11-07",17122,"Indiana",TRUE,"USW00014739","BOSTON, MA US",42.3606,-71.0097,3.7,14.32,",,W",0,"T,,W,2400",0,",,W",NA,NA,47,"H,,S",49,",,W",39,",,W",1,",,W",NA,"",NA,NA,NA,"",NA,NA,NA,"",NA,"",NA,"",NA,NA,NA,NA,NA,NA,NA,NA,NA,NA,NA,NA,NA,NA,NA,NA,"2014"
"85","2014-11-12",17043,"Oklahoma City",TRUE,"USW00014739","BOSTON, MA US",42.3606,-71.0097,3.7,4.92,",,W",0,",,W,2400",0,",,W",NA,NA,53,"H,,S",60,",,W",46,",,W",1,",,W",1,",,W",NA,NA,NA,"",NA,NA,NA,"",NA,"",NA,"",NA,NA,NA,NA,NA,NA,NA,NA,NA,NA,NA,NA,NA,NA,NA,NA,"2014"
"86","2014-11-14",18624,"Cleveland",TRUE,"USW00014739","BOSTON, MA US",42.3606,-71.0097,3.7,11.18,",,W",0.23,",,W,2400",0,"T,,W",NA,NA,40,"H,,S",44,",,W",33,",,W",1,",,W",NA,"",NA,NA,NA,"",NA,NA,NA,"",NA,"",NA,"",NA,NA,NA,NA,NA,NA,NA,NA,NA,NA,NA,NA,NA,NA,NA,NA,"2014"
"87","2014-11-17",16726,"Phoenix",TRUE,"USW00014739","BOSTON, MA US",42.3606,-71.0097,3.7,5.82,",,W",1.64,",,W,2400",0,",,W",NA,NA,42,"H,,S",48,",,W",37,",,W",1,",,W",NA,"",NA,NA,NA,"",NA,NA,NA,"",NA,"",NA,"",NA,NA,NA,NA,NA,NA,NA,NA,NA,NA,NA,NA,NA,NA,NA,NA,"2014"
"88","2014-11-23",16692,"Portland",TRUE,"USW00014739","BOSTON, MA US",42.3606,-71.0097,3.7,9.4,",,W",0,"T,,W,2400",0,",,W",NA,NA,47,"H,,S",59,",,W",42,",,W",NA,"",NA,"",NA,NA,NA,"",NA,NA,NA,"",NA,"",NA,"",NA,NA,NA,NA,NA,NA,NA,NA,NA,NA,NA,NA,NA,NA,NA,NA,"2014"
"89","2014-11-28",18203,"Chicago",TRUE,"USW00014739","BOSTON, MA US",42.3606,-71.0097,3.7,10.74,",,W",0.11,",,W,2400",2.3,",,W",NA,NA,31,"H,,S",35,",,W",27,",,W",1,",,W",NA,"",NA,NA,NA,"",NA,NA,NA,"",NA,"",NA,"",NA,NA,NA,NA,NA,NA,NA,NA,NA,NA,NA,NA,NA,NA,NA,NA,"2014"
"90","2014-11-30",17121,"San Antonio",TRUE,"USW00014739","BOSTON, MA US",42.3606,-71.0097,3.7,12.3,",,W",0,",,W,2400",0,",,W",NA,NA,42,"H,,S",57,",,W",32,",,W",NA,"",NA,"",NA,NA,NA,"",NA,NA,NA,"",NA,"",NA,"",NA,NA,NA,NA,NA,NA,NA,NA,NA,NA,NA,NA,NA,NA,NA,NA,"2014"
"91","2014-12-03",15870,"Detroit",TRUE,"USW00014739","BOSTON, MA US",42.3606,-71.0097,3.7,12.3,",,W",0.44,",,W,2400",0,",,W",NA,NA,44,"H,,S",51,",,W",37,",,W",1,",,W",NA,"",NA,NA,NA,"",NA,NA,NA,"",NA,"",NA,"",NA,NA,NA,NA,NA,NA,NA,NA,NA,NA,NA,NA,NA,NA,NA,NA,"2014"
"92","2014-12-05",18624,"Los Angeles",TRUE,"USW00014739","BOSTON, MA US",42.3606,-71.0097,3.7,10.51,",,W",0.11,",,W,2400",0,",,W",NA,NA,33,"H,,S",42,",,W",26,",,W",1,",,W",NA,"",NA,NA,NA,"",NA,NA,NA,"",NA,"",NA,"",NA,NA,NA,NA,NA,NA,NA,NA,NA,NA,NA,NA,NA,NA,NA,NA,"2014"
"93","2014-12-07",16716,"Washington",TRUE,"USW00014739","BOSTON, MA US",42.3606,-71.0097,3.7,14.99,",,W",0.13,",,W,2400",0,",,W",NA,NA,36,"H,,S",38,",,W",21,",,W",1,",,W",NA,"",NA,NA,NA,"",NA,NA,NA,"",NA,"",NA,"",NA,NA,NA,NA,NA,NA,NA,NA,NA,NA,NA,NA,NA,NA,NA,NA,"2014"
"94","2014-12-12",17989,"New York",TRUE,"USW00014739","BOSTON, MA US",42.3606,-71.0097,3.7,10.74,",,W",0,"T,,W,2400",0,"T,,W",NA,NA,34,"H,,S",39,",,W",31,",,W",NA,"",NA,"",NA,NA,NA,"",NA,NA,NA,"",NA,"",NA,"",NA,NA,NA,NA,NA,NA,NA,NA,NA,NA,NA,NA,NA,NA,NA,NA,"2014"
"95","2014-12-17",16764,"Orlando",TRUE,"USW00014739","BOSTON, MA US",42.3606,-71.0097,3.7,11.41,",,W",0.43,",,W,2400",0,",,W",NA,NA,45,"H,,S",49,",,W",41,",,W",1,",,W",NA,"",NA,NA,NA,"",NA,NA,NA,"",NA,"",NA,"",NA,NA,NA,NA,NA,NA,NA,NA,NA,NA,NA,NA,NA,NA,NA,NA,"2014"
"96","2014-12-19",17042,"Minnesota",TRUE,"USW00014739","BOSTON, MA US",42.3606,-71.0097,3.7,10.96,",,W",0,",,W,2400",0,",,W",NA,NA,36,"H,,S",37,",,W",29,",,W",NA,"",NA,"",NA,NA,NA,"",NA,NA,NA,"",NA,"",NA,"",NA,NA,NA,NA,NA,NA,NA,NA,NA,NA,NA,NA,NA,NA,NA,NA,"2014"
"97","2014-12-26",18624,"Brooklyn",TRUE,"USW00014739","BOSTON, MA US",42.3606,-71.0097,3.7,10.51,",,W",0,",,W,2400",0,",,W",NA,NA,44,"H,,S",50,",,W",37,",,W",NA,"",NA,"",NA,NA,NA,"",NA,NA,NA,"",NA,"",NA,"",NA,NA,NA,NA,NA,NA,NA,NA,NA,NA,NA,NA,NA,NA,NA,NA,"2014"
"98","2014-12-31",18624,"Sacramento",TRUE,"USW00014739","BOSTON, MA US",42.3606,-71.0097,3.7,9.4,",,W",0,",,W,2400",0,",,W",NA,NA,24,"H,,S",30,",,W",20,",,W",NA,"",NA,"",NA,NA,NA,"",NA,NA,NA,"",NA,"",NA,"",NA,NA,NA,NA,NA,NA,NA,NA,NA,NA,NA,NA,NA,NA,NA,NA,"2014"
"99","2015-01-02",18624,"Dallas",TRUE,"USW00014739","BOSTON, MA US",42.3606,-71.0097,3.7,12.75,",,W",0,",,W,2400",0,",,W",NA,NA,34,"H,,S",41,",,W",31,",,W",NA,"",NA,"",NA,NA,NA,"",NA,NA,NA,"",NA,"",NA,"",NA,NA,NA,NA,NA,NA,NA,NA,NA,NA,NA,NA,NA,NA,NA,NA,"2015"
"100","2015-01-05",16720,"Charlotte",TRUE,"USW00014739","BOSTON, MA US",42.3606,-71.0097,3.7,22.15,",,W",0,",,W,2400",0,",,W",NA,NA,40,"H,,S",50,",,W",17,",,W",NA,"",NA,"",NA,NA,NA,"",NA,NA,NA,"",NA,"",NA,"",NA,NA,NA,NA,NA,NA,NA,NA,NA,NA,NA,NA,NA,NA,NA,NA,"2015"
"101","2015-01-12",16905,"New Orleans",TRUE,"USW00014739","BOSTON, MA US",42.3606,-71.0097,3.7,9.4,",,W",0.2,",,W,2400",0,"T,,W",NA,NA,35,"H,,S",38,",,W",33,",,W",1,",,W",NA,"",NA,NA,1,",,W",NA,NA,NA,"",NA,"",NA,"",NA,NA,NA,NA,NA,NA,NA,NA,NA,NA,NA,NA,NA,NA,NA,NA,"2015"
"102","2015-01-14",16067,"Atlanta",TRUE,"USW00014739","BOSTON, MA US",42.3606,-71.0097,3.7,8.72,",,W",0,"T,,W,2400",0,"T,,W",NA,NA,18,"H,,S",25,",,W",14,",,W",1,",,W",NA,"",NA,NA,NA,"",NA,NA,NA,"",NA,"",NA,"",NA,NA,NA,NA,NA,NA,NA,NA,NA,NA,NA,NA,NA,NA,NA,NA,"2015"
"103","2015-01-16",18624,"Chicago",TRUE,"USW00014739","BOSTON, MA US",42.3606,-71.0097,3.7,15.66,",,W",0,",,W,2400",0,",,W",NA,NA,28,"H,,S",38,",,W",15,",,W",NA,"",NA,"",NA,NA,NA,"",NA,NA,NA,"",NA,"",NA,"",NA,NA,NA,NA,NA,NA,NA,NA,NA,NA,NA,NA,NA,NA,NA,NA,"2015"
"104","2015-01-30",17675,"Houston",TRUE,"USW00014739","BOSTON, MA US",42.3606,-71.0097,3.7,11.86,",,W",0.06,",,W,2400",0.7,",,W",NA,NA,31,"H,,S",34,",,W",19,",,W",1,",,W",NA,"",NA,NA,NA,"",NA,NA,NA,"",NA,"",1,",,W",NA,NA,NA,NA,NA,NA,NA,NA,NA,NA,NA,NA,NA,NA,NA,NA,"2015"
"105","2015-02-01",17366,"Miami",TRUE,"USW00014739","BOSTON, MA US",42.3606,-71.0097,3.7,11.86,",,W",0,",,W,2400",0,",,W",NA,NA,19,"H,,S",30,",,W",12,",,W",NA,"",NA,"",NA,NA,NA,"",NA,NA,NA,"",NA,"",NA,"",NA,NA,NA,NA,NA,NA,NA,NA,NA,NA,NA,NA,NA,NA,NA,NA,"2015"
"106","2015-02-04",15126,"Denver",TRUE,"USW00014739","BOSTON, MA US",42.3606,-71.0097,3.7,9.4,",,W",0.01,",,W,2400",0,",,W",NA,NA,23,"H,,S",38,",,W",14,",,W",NA,"",NA,"",NA,NA,NA,"",NA,NA,NA,"",NA,"",NA,"",NA,NA,NA,NA,NA,NA,NA,NA,NA,NA,NA,NA,NA,NA,NA,NA,"2015"
"107","2015-02-06",18322,"Philadelphia",TRUE,"USW00014739","BOSTON, MA US",42.3606,-71.0097,3.7,11.41,",,W",0,"T,,W,2400",0,"T,,W",NA,NA,12,"H,,S",21,",,W",5,",,W",NA,"",NA,"",NA,NA,NA,"",NA,NA,NA,"",NA,"",NA,"",NA,NA,NA,NA,NA,NA,NA,NA,NA,NA,NA,NA,NA,NA,NA,NA,"2015"
"108","2015-02-11",16083,"Atlanta",TRUE,"USW00014739","BOSTON, MA US",42.3606,-71.0097,3.7,11.63,",,W",0.01,",,W,2400",0.5,",,W",NA,NA,22,"H,,S",25,",,W",14,",,W",1,",,W",NA,"",NA,NA,NA,"",NA,NA,NA,"",1,",,W",1,",,W",NA,NA,NA,NA,NA,NA,NA,NA,NA,NA,NA,NA,NA,NA,NA,NA,"2015"
"109","2015-02-25",16899,"New York",TRUE,"USW00014739","BOSTON, MA US",42.3606,-71.0097,3.7,10.74,",,W",0.07,",,W,2400",1.9,",,W",NA,NA,23,"H,,S",35,",,W",14,",,W",1,",,W",NA,"",NA,NA,NA,"",NA,NA,NA,"",1,",,W",NA,"",NA,NA,NA,NA,NA,NA,NA,NA,NA,NA,NA,NA,NA,NA,NA,NA,"2015"
"110","2015-02-27",18624,"Charlotte",TRUE,"USW00014739","BOSTON, MA US",42.3606,-71.0097,3.7,8.28,",,W",0,",,W,2400",0,",,W",NA,NA,20,"H,,S",27,",,W",15,",,W",NA,"",NA,"",NA,NA,NA,"",NA,NA,NA,"",NA,"",NA,"",NA,NA,NA,NA,NA,NA,NA,NA,NA,NA,NA,NA,NA,NA,NA,NA,"2015"
"111","2015-03-01",18624,"Golden State",TRUE,"USW00014739","BOSTON, MA US",42.3606,-71.0097,3.7,6.04,",,W",0.17,",,W,2400",1.9,",,W",NA,NA,23,"H,,S",30,",,W",12,",,W",1,",,W",NA,"",NA,NA,NA,"",NA,NA,NA,"",NA,"",NA,"",NA,NA,NA,NA,NA,NA,NA,NA,NA,NA,NA,NA,NA,NA,NA,NA,"2015"
"112","2015-03-04",16354,"Utah",TRUE,"USW00014739","BOSTON, MA US",42.3606,-71.0097,3.7,11.41,",,W",0.02,",,W,2400",0,",,W",NA,NA,36,"H,,S",43,",,W",33,",,W",1,",,W",NA,"",NA,NA,NA,"",NA,NA,1,",,W",NA,"",NA,"",NA,NA,NA,NA,NA,NA,NA,NA,NA,NA,NA,NA,NA,NA,NA,NA,"2015"
"113","2015-03-11",17135,"Memphis",TRUE,"USW00014739","BOSTON, MA US",42.3606,-71.0097,3.7,11.63,",,W",0.01,",,W,2400",0,",,W",NA,NA,46,"H,,S",57,",,W",37,",,W",1,",,W",1,",,W",NA,NA,NA,"",NA,NA,NA,"",NA,"",NA,"",NA,NA,NA,NA,NA,NA,NA,NA,NA,NA,NA,NA,NA,NA,NA,NA,"2015"
"114","2015-03-13",18624,"Orlando",TRUE,"USW00014739","BOSTON, MA US",42.3606,-71.0097,3.7,10.51,",,W",0,",,W,2400",0,",,W",NA,NA,30,"H,,S",40,",,W",24,",,W",NA,"",NA,"",NA,NA,NA,"",NA,NA,NA,"",NA,"",NA,"",NA,NA,NA,NA,NA,NA,NA,NA,NA,NA,NA,NA,NA,NA,NA,NA,"2015"
"115","2015-03-16",16553,"Philadelphia",TRUE,"USW00014739","BOSTON, MA US",42.3606,-71.0097,3.7,8.72,",,W",0,",,W,2400",0,",,W",NA,NA,33,"H,,S",45,",,W",26,",,W",NA,"",NA,"",NA,NA,NA,"",NA,NA,NA,"",NA,"",NA,"",NA,NA,NA,NA,NA,NA,NA,NA,NA,NA,NA,NA,NA,NA,NA,NA,"2015"
"116","2015-03-22",18624,"Detroit",TRUE,"USW00014739","BOSTON, MA US",42.3606,-71.0097,3.7,17.9,",,W",0,",,W,2400",0,",,W",NA,NA,32,"H,,S",39,",,W",21,",,W",NA,"",NA,"",NA,NA,NA,"",NA,NA,NA,"",NA,"",NA,"",NA,NA,NA,NA,NA,NA,NA,NA,NA,NA,NA,NA,NA,NA,NA,NA,"2015"
"117","2015-03-25",18624,"Miami",TRUE,"USW00014739","BOSTON, MA US",42.3606,-71.0097,3.7,8.95,",,W",0.04,",,W,2400",0,",,W",NA,NA,35,"H,,S",49,",,W",28,",,W",NA,"",NA,"",NA,NA,NA,"",NA,NA,NA,"",NA,"",NA,"",NA,NA,NA,NA,NA,NA,NA,NA,NA,NA,NA,NA,NA,NA,NA,NA,"2015"
"118","2015-03-29",18624,"LA",TRUE,"USW00014739","BOSTON, MA US",42.3606,-71.0097,3.7,9.4,",,W",0,",,W,2400",0,",,W",NA,NA,33,"H,,S",42,",,W",26,",,W",NA,"",NA,"",NA,NA,NA,"",NA,NA,NA,"",NA,"",NA,"",NA,NA,NA,NA,NA,NA,NA,NA,NA,NA,NA,NA,NA,NA,NA,NA,"2015"
"119","2015-04-01",18624,"Indiana",TRUE,"USW00014739","BOSTON, MA US",42.3606,-71.0097,3.7,10.07,",,W",0,",,W,2400",0,",,W",NA,NA,39,"H,,S",47,",,W",30,",,W",NA,"",NA,"",NA,NA,NA,"",NA,NA,NA,"",NA,"",NA,"",NA,NA,NA,NA,NA,NA,NA,NA,NA,NA,NA,NA,NA,NA,NA,NA,"2015"
"120","2015-04-03",18624,"Milwaukee",TRUE,"USW00014739","BOSTON, MA US",42.3606,-71.0097,3.7,12.08,",,W",0.03,",,W,2400",0,",,W",NA,NA,54,"H,,S",59,",,W",45,",,W",1,",,W",NA,"",NA,NA,NA,"",NA,NA,NA,"",NA,"",NA,"",NA,NA,NA,NA,NA,NA,NA,NA,NA,NA,NA,NA,NA,NA,NA,NA,"2015"
"121","2015-04-12",18624,"Cleveland",TRUE,"USW00014739","BOSTON, MA US",42.3606,-71.0097,3.7,8.95,",,W",0,",,W,2400",0,",,W",NA,NA,51,"H,,S",68,",,W",39,",,W",NA,"",NA,"",NA,NA,NA,"",NA,NA,NA,"",NA,"",NA,"",NA,NA,NA,NA,NA,NA,NA,NA,NA,NA,NA,NA,NA,NA,NA,NA,"2015"
"122","2015-04-14",18624,"Toronto",TRUE,"USW00014739","BOSTON, MA US",42.3606,-71.0097,3.7,10.96,",,W",0.01,",,W,2400",0,",,W",NA,NA,59,"H,,S",65,",,W",52,",,W",NA,"",NA,"",NA,NA,NA,"",NA,NA,NA,"",NA,"",NA,"",NA,NA,NA,NA,NA,NA,NA,NA,NA,NA,NA,NA,NA,NA,NA,NA,"2015"
"123","2015-10-28",18624,"Philadelphia",TRUE,"USW00014739","BOSTON, MA US",42.3606,-71.0097,3.7,17,",,W",0.36,",,W,2400",0,",,W",NA,NA,49,"H,,S",65,",,W",42,",,W",1,",,W",NA,"",NA,"",NA,NA,NA,NA,NA,NA,NA,"",NA,NA,NA,NA,NA,NA,NA,NA,NA,NA,NA,NA,NA,NA,NA,NA,NA,NA,"2015"
"124","2015-10-30",16898,"Toronto",TRUE,"USW00014739","BOSTON, MA US",42.3606,-71.0097,3.7,12.97,",,W",0,",,W,2400",0,",,W",NA,NA,56,"H,,S",61,",,W",42,",,W",NA,"",NA,"",NA,"",NA,NA,NA,NA,NA,NA,NA,"",NA,NA,NA,NA,NA,NA,NA,NA,NA,NA,NA,NA,NA,NA,NA,NA,NA,NA,"2015"
"125","2015-11-01",17461,"San Antonio",TRUE,"USW00014739","BOSTON, MA US",42.3606,-71.0097,3.7,10.74,",,W",0,"T,,W,2400",0,",,W",NA,NA,53,"H,,S",62,",,W",48,",,W",NA,"",NA,"",NA,"",NA,NA,NA,NA,NA,NA,NA,"",NA,NA,NA,NA,NA,NA,NA,NA,NA,NA,NA,NA,NA,NA,NA,NA,NA,NA,"2015"
"126","2015-11-06",18624,"Washington",TRUE,"USW00014739","BOSTON, MA US",42.3606,-71.0097,3.7,14.54,",,W",0,",,W,2400",0,",,W",NA,NA,67,"H,,S",73,",,W",62,",,W",NA,"",NA,"",NA,"",NA,NA,NA,NA,NA,NA,1,",,W",NA,NA,NA,NA,NA,NA,NA,NA,NA,NA,NA,NA,NA,NA,NA,NA,NA,NA,"2015"
"127","2015-11-11",17879,"Indiana",TRUE,"USW00014739","BOSTON, MA US",42.3606,-71.0097,3.7,16.11,",,W",0.54,",,W,2400",0,",,W",NA,NA,48,"H,,S",50,",,W",46,",,W",1,",,W",NA,"",NA,"",NA,NA,NA,NA,NA,NA,NA,"",NA,NA,NA,NA,NA,NA,NA,NA,NA,NA,NA,NA,NA,NA,NA,NA,NA,NA,"2015"
"128","2015-11-13",17138,"Atlanta",TRUE,"USW00014739","BOSTON, MA US",42.3606,-71.0097,3.7,17.9,",,W",0.01,",,W,2400",0,",,W",NA,NA,54,"H,,S",59,",,W",46,",,W",NA,"",NA,"",NA,"",NA,NA,NA,NA,NA,NA,NA,"",NA,NA,NA,NA,NA,NA,NA,NA,NA,NA,NA,NA,NA,NA,NA,NA,NA,NA,"2015"
"129","2015-11-18",17262,"Dallas",TRUE,"USW00014739","BOSTON, MA US",42.3606,-71.0097,3.7,6.26,",,W",0,",,W,2400",0,",,W",NA,NA,40,"H,,S",48,",,W",31,",,W",NA,"",NA,"",NA,"",NA,NA,NA,NA,NA,NA,NA,"",NA,NA,NA,NA,NA,NA,NA,NA,NA,NA,NA,NA,NA,NA,NA,NA,NA,NA,"2015"
"130","2015-11-20",18361,"Brooklyn",TRUE,"USW00014739","BOSTON, MA US",42.3606,-71.0097,3.7,12.75,",,W",0.86,",,W,2400",0,",,W",NA,NA,56,"H,,S",61,",,W",44,",,W",1,",,W",NA,"",NA,"",NA,NA,NA,NA,NA,NA,NA,"",NA,NA,NA,NA,NA,NA,NA,NA,NA,NA,NA,NA,NA,NA,NA,NA,NA,NA,"2015"
"131","2015-11-25",17588,"Philadelphia",TRUE,"USW00014739","BOSTON, MA US",42.3606,-71.0097,3.7,6.04,",,W",0,",,W,2400",0,",,W",NA,NA,39,"H,,S",44,",,W",30,",,W",NA,"",NA,"",NA,"",NA,NA,NA,NA,NA,NA,NA,"",NA,NA,NA,NA,NA,NA,NA,NA,NA,NA,NA,NA,NA,NA,NA,NA,NA,NA,"2015"
"132","2015-11-27",18624,"Washington",TRUE,"USW00014739","BOSTON, MA US",42.3606,-71.0097,3.7,14.32,",,W",0,",,W,2400",0,",,W",NA,NA,54,"H,,S",64,",,W",48,",,W",1,",,W",NA,"",NA,"",NA,NA,NA,NA,NA,NA,NA,"",NA,NA,NA,NA,NA,NA,NA,NA,NA,NA,NA,NA,NA,NA,NA,NA,NA,NA,"2015"
"133","2015-12-03",18660,"Sacramento *",TRUE,"USW00014739","BOSTON, MA US",42.3606,-71.0097,3.7,14.09,",,W",0,"T,,W,2400",0,",,W",NA,NA,48,"H,,S",52,",,W",41,",,W",1,",,W",1,",,W",NA,"",NA,NA,NA,NA,NA,NA,NA,"",NA,NA,NA,NA,NA,NA,NA,NA,NA,NA,NA,NA,NA,NA,NA,NA,NA,NA,"2015"
"134","2015-12-09",17318,"Chicago",TRUE,"USW00014739","BOSTON, MA US",42.3606,-71.0097,3.7,7.61,",,W",0,"T,,W,2400",0,",,W",NA,NA,40,"H,,S",46,",,W",37,",,W",NA,"",NA,"",NA,"",NA,NA,NA,NA,NA,NA,NA,"",NA,NA,NA,NA,NA,NA,NA,NA,NA,NA,NA,NA,NA,NA,NA,NA,NA,NA,"2015"
"135","2015-12-11",18624,"Golden State",TRUE,"USW00014739","BOSTON, MA US",42.3606,-71.0097,3.7,7.83,",,W",0,",,W,2400",0,",,W",NA,NA,49,"H,,S",58,",,W",43,",,W",1,",,W",1,",,W",NA,"",NA,NA,NA,NA,NA,NA,NA,"",NA,NA,NA,NA,NA,NA,NA,NA,NA,NA,NA,NA,NA,NA,NA,NA,NA,NA,"2015"
"136","2015-12-15",18624,"Cleveland",TRUE,"USW00014739","BOSTON, MA US",42.3606,-71.0097,3.7,14.09,",,W",0.19,",,W,2400",0,",,W",NA,NA,55,"H,,S",61,",,W",48,",,W",1,",,W",NA,"",NA,"",NA,NA,NA,NA,NA,NA,NA,"",NA,NA,NA,NA,NA,NA,NA,NA,NA,NA,NA,NA,NA,NA,NA,NA,NA,NA,"2015"
"137","2015-12-18",18624,"Atlanta",TRUE,"USW00014739","BOSTON, MA US",42.3606,-71.0097,3.7,10.51,",,W",0.04,",,W,2400",0,",,W",NA,NA,49,"H,,S",52,",,W",39,",,W",1,",,W",NA,"",NA,"",NA,NA,NA,NA,NA,NA,NA,"",NA,NA,NA,NA,NA,NA,NA,NA,NA,NA,NA,NA,NA,NA,NA,NA,NA,NA,"2015"
"138","2015-12-21",18624,"Minnesota",TRUE,"USW00014739","BOSTON, MA US",42.3606,-71.0097,3.7,16.11,",,W",0,",,W,2400",0,",,W",NA,NA,42,"H,,S",53,",,W",32,",,W",NA,"",NA,"",NA,"",NA,NA,NA,NA,NA,NA,NA,"",NA,NA,NA,NA,NA,NA,NA,NA,NA,NA,NA,NA,NA,NA,NA,NA,NA,NA,"2015"
"139","2015-12-27",18624,"New York",TRUE,"USW00014739","BOSTON, MA US",42.3606,-71.0097,3.7,6.26,",,W",0.26,",,W,2400",0,",,W",NA,NA,46,"H,,S",50,",,W",38,",,W",1,",,W",NA,"",NA,"",NA,NA,NA,NA,NA,NA,NA,"",NA,NA,NA,NA,NA,NA,NA,NA,NA,NA,NA,NA,NA,NA,NA,NA,NA,NA,"2015"
"140","2016-01-02",18624,"Brooklyn",TRUE,"USW00014739","BOSTON, MA US",42.3606,-71.0097,3.7,13.42,",,W",0,",,W,2400",0,",,W",NA,NA,35,"H,,S",40,",,W",31,",,W",NA,"",NA,"",NA,"",NA,NA,NA,NA,NA,NA,NA,"",NA,NA,NA,NA,NA,NA,NA,NA,NA,NA,NA,NA,NA,NA,NA,NA,NA,NA,"2016"
"141","2016-01-06",18624,"Detroit",TRUE,"USW00014739","BOSTON, MA US",42.3606,-71.0097,3.7,10.07,",,W",0,",,W,2400",0,",,W",NA,NA,30,"H,,S",45,",,W",21,",,W",NA,"",NA,"",NA,"",NA,NA,NA,NA,NA,NA,NA,"",NA,NA,NA,NA,NA,NA,NA,NA,NA,NA,NA,NA,NA,NA,NA,NA,NA,NA,"2016"
"142","2016-01-13",18624,"Indiana",TRUE,"USW00014739","BOSTON, MA US",42.3606,-71.0097,3.7,19.69,",,W",0,",,W,2400",0,"T,,W",NA,NA,29,"H,,S",33,",,W",21,",,W",NA,"",NA,"",NA,"",NA,NA,NA,NA,NA,NA,NA,"",NA,NA,NA,NA,NA,NA,NA,NA,NA,NA,NA,NA,NA,NA,NA,NA,NA,NA,"2016"
"143","2016-01-15",18624,"Phoenix",TRUE,"USW00014739","BOSTON, MA US",42.3606,-71.0097,3.7,6.49,",,W",0,",,W,2400",0,",,W",NA,NA,31,"H,,S",42,",,W",26,",,W",NA,"",NA,"",NA,"",NA,NA,NA,NA,NA,NA,NA,"",NA,NA,NA,NA,NA,NA,NA,NA,NA,NA,NA,NA,NA,NA,NA,NA,NA,NA,"2016"
"144","2016-01-22",18624,"Chicago",TRUE,"USW00014739","BOSTON, MA US",42.3606,-71.0097,3.7,11.41,",,W",0,",,W,2400",0,",,W",NA,NA,24,"H,,S",32,",,W",19,",,W",NA,"",NA,"",NA,"",NA,NA,NA,NA,NA,NA,NA,"",NA,NA,NA,NA,NA,NA,NA,NA,NA,NA,NA,NA,NA,NA,NA,NA,NA,NA,"2016"
"145","2016-01-27",18108,"Denver",TRUE,"USW00014739","BOSTON, MA US",42.3606,-71.0097,3.7,12.08,",,W",0,",,W,2400",0,",,W",NA,NA,43,"H,,S",45,",,W",31,",,W",NA,"",NA,"",NA,"",NA,NA,NA,NA,NA,NA,NA,"",NA,NA,NA,NA,NA,NA,NA,NA,NA,NA,NA,NA,NA,NA,NA,NA,NA,NA,"2016"
"146","2016-01-29",17729,"Orlando",TRUE,"USW00014739","BOSTON, MA US",42.3606,-71.0097,3.7,7.38,",,W",0,",,W,2400",0,"T,,W",NA,NA,36,"H,,S",41,",,W",33,",,W",1,",,W",NA,"",NA,"",NA,NA,NA,NA,NA,NA,NA,"",NA,NA,NA,NA,NA,NA,NA,NA,NA,NA,NA,NA,NA,NA,NA,NA,NA,NA,"2016"
"147","2016-02-03",17297,"Detroit",TRUE,"USW00014739","BOSTON, MA US",42.3606,-71.0097,3.7,14.54,",,W",0.33,",,W,2400",0,",,W",NA,NA,42,"H,,S",57,",,W",35,",,W",1,",,W",NA,"",NA,"",NA,NA,NA,NA,NA,NA,NA,"",NA,NA,NA,NA,NA,NA,NA,NA,NA,NA,NA,NA,NA,NA,NA,NA,NA,NA,"2016"
"148","2016-02-07",18624,"Sacramento",TRUE,"USW00014739","BOSTON, MA US",42.3606,-71.0097,3.7,9.84,",,W",0,",,W,2400",0,",,W",NA,NA,34,"H,,S",44,",,W",29,",,W",NA,"",NA,"",NA,"",NA,NA,NA,NA,NA,NA,NA,"",NA,NA,NA,NA,NA,NA,NA,NA,NA,NA,NA,NA,NA,NA,NA,NA,NA,NA,"2016"
"149","2016-02-10",18186,"LA",TRUE,"USW00014739","BOSTON, MA US",42.3606,-71.0097,3.7,6.71,",,W",0,"T,,W,2400",0.1,",,W",NA,NA,28,"H,,S",36,",,W",20,",,W",1,",,W",NA,"",NA,"",NA,NA,NA,NA,NA,NA,1,",,W",NA,NA,NA,NA,NA,NA,NA,NA,NA,NA,NA,NA,NA,NA,NA,NA,NA,NA,"2016"
"150","2016-02-25",18157,"Milwaukee",TRUE,"USW00014739","BOSTON, MA US",42.3606,-71.0097,3.7,22.15,",,W",0.81,",,W,2400",0,",,W",NA,NA,54,"H,,S",62,",,W",41,",,W",1,",,W",NA,"",1,",,W",NA,NA,NA,NA,NA,NA,NA,"",NA,NA,NA,NA,NA,NA,NA,NA,NA,NA,NA,NA,NA,NA,NA,NA,NA,NA,"2016"
"151","2016-02-27",18624,"Miami",TRUE,"USW00014739","BOSTON, MA US",42.3606,-71.0097,3.7,12.3,",,W",0,",,W,2400",0,",,W",NA,NA,29,"H,,S",39,",,W",21,",,W",NA,"",NA,"",NA,"",NA,NA,NA,NA,NA,NA,NA,"",NA,NA,NA,NA,NA,NA,NA,NA,NA,NA,NA,NA,NA,NA,NA,NA,NA,NA,"2016"
"152","2016-02-29",17680,"Utah",TRUE,"USW00014739","BOSTON, MA US",42.3606,-71.0097,3.7,16.33,",,W",0,"T,,W,2400",0,",,W",NA,NA,50,"H,,S",64,",,W",43,",,W",NA,"",NA,"",NA,"",NA,NA,NA,NA,NA,NA,NA,"",NA,NA,NA,NA,NA,NA,NA,NA,NA,NA,NA,NA,NA,NA,NA,NA,NA,NA,"2016"
"153","2016-03-02",18624,"Portland",TRUE,"USW00014739","BOSTON, MA US",42.3606,-71.0097,3.7,19.24,",,W",0.37,",,W,2400",0,",,W",NA,NA,43,"H,,S",53,",,W",25,",,W",1,",,W",NA,"",NA,"",NA,NA,NA,NA,NA,NA,NA,"",NA,NA,NA,NA,NA,NA,NA,NA,NA,NA,NA,NA,NA,NA,NA,NA,NA,NA,"2016"
"154","2016-03-04",18624,"New York",TRUE,"USW00014739","BOSTON, MA US",42.3606,-71.0097,3.7,11.63,",,W",0.01,",,W,2400",0.5,",,W",NA,NA,29,"H,,S",31,",,W",26,",,W",1,",,W",NA,"",NA,"",NA,NA,NA,NA,NA,NA,NA,"",NA,NA,NA,NA,NA,NA,NA,NA,NA,NA,NA,NA,NA,NA,NA,NA,NA,NA,"2016"
"155","2016-03-09",17790,"Memphis",TRUE,"USW00014739","BOSTON, MA US",42.3606,-71.0097,3.7,13.42,",,W",0,",,W,2400",0,",,W",NA,NA,53,"H,,S",77,",,W",40,",,W",1,",,W",NA,"",NA,"",NA,NA,NA,NA,NA,NA,NA,"",NA,NA,NA,NA,NA,NA,NA,NA,NA,NA,NA,NA,NA,NA,NA,NA,NA,NA,"2016"
"156","2016-03-11",18624,"Houston",TRUE,"USW00014739","BOSTON, MA US",42.3606,-71.0097,3.7,6.93,",,W",0.09,",,W,2400",0,",,W",NA,NA,48,"H,,S",50,",,W",41,",,W",1,",,W",NA,"",NA,"",NA,NA,NA,NA,NA,NA,NA,"",NA,NA,NA,NA,NA,NA,NA,NA,NA,NA,NA,NA,NA,NA,NA,NA,NA,NA,"2016"
"157","2016-03-16",18624,"Oklahoma City",TRUE,"USW00014739","BOSTON, MA US",42.3606,-71.0097,3.7,8.28,",,W",0.03,",,W,2400",0,",,W",NA,NA,43,"H,,S",48,",,W",41,",,W",1,",,W",NA,"",NA,"",NA,NA,NA,NA,NA,NA,NA,"",NA,NA,NA,NA,NA,NA,NA,NA,NA,NA,NA,NA,NA,NA,NA,NA,NA,NA,"2016"
"158","2016-03-21",18624,"Orlando",TRUE,"USW00014739","BOSTON, MA US",42.3606,-71.0097,3.7,10.07,",,W",0.22,",,W,2400",3.6,",,W",NA,NA,33,"H,,S",44,",,W",28,",,W",NA,"",NA,"",NA,"",NA,NA,NA,NA,NA,NA,NA,"",NA,NA,NA,NA,NA,NA,NA,NA,NA,NA,NA,NA,NA,NA,NA,NA,NA,NA,"2016"
"159","2016-03-23",18624,"Toronto",TRUE,"USW00014739","BOSTON, MA US",42.3606,-71.0097,3.7,11.63,",,W",0,"T,,W,2400",0,",,W",NA,NA,49,"H,,S",63,",,W",42,",,W",NA,"",NA,"",NA,"",NA,NA,NA,NA,NA,NA,NA,"",NA,NA,NA,NA,NA,NA,NA,NA,NA,NA,NA,NA,NA,NA,NA,NA,NA,NA,"2016"
"160","2016-04-06",18624,"New Orleans",TRUE,"USW00014739","BOSTON, MA US",42.3606,-71.0097,3.7,10.07,",,W",0,",,W,2400",0,",,W",NA,NA,33,"H,,S",42,",,W",25,",,W",NA,"",NA,"",NA,"",NA,NA,NA,NA,NA,NA,NA,"",NA,NA,NA,NA,NA,NA,NA,NA,NA,NA,NA,NA,NA,NA,NA,NA,NA,NA,"2016"
"161","2016-04-08",18624,"Milwaukee",TRUE,"USW00014739","BOSTON, MA US",42.3606,-71.0097,3.7,14.99,",,W",0,"T,,W,2400",0,",,W",NA,NA,49,"H,,S",53,",,W",37,",,W",NA,"",NA,"",NA,"",NA,NA,NA,NA,NA,NA,NA,"",NA,NA,NA,NA,NA,NA,NA,NA,NA,NA,NA,NA,NA,NA,NA,NA,NA,NA,"2016"
"162","2016-04-11",18624,"Charlotte",TRUE,"USW00014739","BOSTON, MA US",42.3606,-71.0097,3.7,16.78,",,W",0.01,",,W,2400",0,",,W",NA,NA,48,"H,,S",60,",,W",42,",,W",NA,"",NA,"",NA,"",NA,NA,NA,NA,NA,NA,NA,"",NA,NA,NA,NA,NA,NA,NA,NA,NA,NA,NA,NA,NA,NA,NA,NA,NA,NA,"2016"
"163","2016-04-13",18624,"Miami",TRUE,"USW00014739","BOSTON, MA US",42.3606,-71.0097,3.7,10.29,",,W",0,",,W,2400",0,",,W",NA,NA,45,"H,,S",50,",,W",38,",,W",NA,"",NA,"",NA,"",NA,NA,NA,NA,NA,NA,NA,"",NA,NA,NA,NA,NA,NA,NA,NA,NA,NA,NA,NA,NA,NA,NA,NA,NA,NA,"2016"
"164","2016-12-30",18624,"Los Angeles",TRUE,"USW00014739","BOSTON, MA US",42.3606,-71.0097,3.7,17.67,",,W",0,"T,,W,2400",0,"T,,W",NA,NA,36,"H,,S",41,",,W",30,",,W",NA,"",NA,"",NA,"",NA,NA,NA,NA,NA,NA,NA,"",NA,NA,NA,NA,NA,NA,NA,NA,NA,NA,NA,NA,NA,NA,NA,NA,NA,NA,"2016"
"165","2016-10-26",18624,"Brooklyn",TRUE,"USW00014739","BOSTON, MA US",42.3606,-71.0097,3.7,12.3,",,W",0,",,W,2400",0,",,W",NA,NA,42,"H,,S",49,",,W",37,",,W",NA,"",NA,"",NA,NA,NA,"",NA,"",NA,NA,NA,"",NA,NA,NA,NA,NA,NA,NA,NA,NA,NA,NA,NA,NA,NA,NA,NA,NA,NA,"2016"
"166","2016-11-02",18624,"Chicago",TRUE,"USW00014739","BOSTON, MA US",42.3606,-71.0097,3.7,5.82,",,W",0,",,W,2400",0,",,W",NA,NA,55,"H,,S",70,",,W",45,",,W",NA,"",NA,"",NA,NA,NA,"",NA,"",NA,NA,NA,"",NA,NA,NA,NA,NA,NA,NA,NA,NA,NA,NA,NA,NA,NA,NA,NA,NA,NA,"2016"
"167","2016-11-06",17452,"Denver",TRUE,"USW00014739","BOSTON, MA US",42.3606,-71.0097,3.7,11.18,",,W",0.09,",,W,2400",0,"T,,W",NA,NA,48,"H,,S",52,",,W",43,",,W",1,",,W",NA,"",NA,NA,NA,"",NA,"",NA,NA,NA,"",NA,NA,NA,NA,NA,NA,NA,NA,NA,NA,NA,NA,NA,NA,NA,NA,NA,NA,"2016"
"168","2016-11-11",18624,"New York",TRUE,"USW00014739","BOSTON, MA US",42.3606,-71.0097,3.7,18.57,",,W",0,",,W,2400",0,",,W",NA,NA,50,"H,,S",60,",,W",38,",,W",NA,"",NA,"",NA,NA,NA,"",NA,"",NA,NA,NA,"",NA,NA,NA,NA,NA,NA,NA,NA,NA,NA,NA,NA,NA,NA,NA,NA,NA,NA,"2016"
"169","2016-11-16",18624,"Dallas",TRUE,"USW00014739","BOSTON, MA US",42.3606,-71.0097,3.7,11.41,",,W",0.03,",,W,2400",0,",,W",NA,NA,53,"H,,S",55,",,W",51,",,W",1,",,W",NA,"",NA,NA,NA,"",NA,"",NA,NA,1,",,W",NA,NA,NA,NA,NA,NA,NA,NA,NA,NA,NA,NA,NA,NA,NA,NA,NA,NA,"2016"
"170","2016-11-18",18624,"Golden State",TRUE,"USW00014739","BOSTON, MA US",42.3606,-71.0097,3.7,9.17,",,W",0,",,W,2400",0,",,W",NA,NA,50,"H,,S",63,",,W",43,",,W",NA,"",NA,"",NA,NA,NA,"",NA,"",NA,NA,NA,"",NA,NA,NA,NA,NA,NA,NA,NA,NA,NA,NA,NA,NA,NA,NA,NA,NA,NA,"2016"
"171","2016-11-25",18624,"San Antonio",TRUE,"USW00014739","BOSTON, MA US",42.3606,-71.0097,3.7,4.7,",,W",0.03,",,W,2400",0,",,W",NA,NA,42,"H,,S",48,",,W",39,",,W",1,",,W",NA,"",NA,NA,NA,"",NA,"",NA,NA,NA,"",NA,NA,NA,NA,NA,NA,NA,NA,NA,NA,NA,NA,NA,NA,NA,NA,NA,NA,"2016"
"172","2016-11-30",17338,"Detroit",TRUE,"USW00014739","BOSTON, MA US",42.3606,-71.0097,3.7,10.07,",,W",0.91,",,W,2400",0,",,W",NA,NA,48,"H,,S",52,",,W",42,",,W",1,",,W",NA,"",NA,NA,NA,"",NA,"",NA,NA,NA,"",NA,NA,NA,NA,NA,NA,NA,NA,NA,NA,NA,NA,NA,NA,NA,NA,NA,NA,"2016"
"173","2016-12-02",18624,"Sacramento",TRUE,"USW00014739","BOSTON, MA US",42.3606,-71.0097,3.7,14.32,",,W",0,",,W,2400",0,",,W",NA,NA,45,"H,,S",51,",,W",38,",,W",NA,"",NA,"",NA,NA,NA,"",NA,"",NA,NA,NA,"",NA,NA,NA,NA,NA,NA,NA,NA,NA,NA,NA,NA,NA,NA,NA,NA,NA,NA,"2016"
"174","2016-12-09",18624,"Toronto",TRUE,"USW00014739","BOSTON, MA US",42.3606,-71.0097,3.7,16.11,",,W",0,",,W,2400",0,",,W",NA,NA,34,"H,,S",37,",,W",25,",,W",NA,"",NA,"",NA,NA,NA,"",NA,"",NA,NA,NA,"",NA,NA,NA,NA,NA,NA,NA,NA,NA,NA,NA,NA,NA,NA,NA,NA,NA,NA,"2016"
"175","2016-12-16",18624,"Charlotte",TRUE,"USW00014739","BOSTON, MA US",42.3606,-71.0097,3.7,14.09,",,W",0,",,W,2400",0,",,W",NA,NA,13,"H,,S",21,",,W",4,",,W",NA,"",NA,"",NA,NA,NA,"",NA,"",NA,NA,NA,"",NA,NA,NA,NA,NA,NA,NA,NA,NA,NA,NA,NA,NA,NA,NA,NA,NA,NA,"2016"
"176","2016-12-23",18624,"Oklahoma City",TRUE,"USW00014739","BOSTON, MA US",42.3606,-71.0097,3.7,10.96,",,W",0,",,W,2400",0,",,W",NA,NA,39,"H,,S",46,",,W",35,",,W",NA,"",NA,"",NA,NA,NA,"",NA,"",NA,NA,NA,"",NA,NA,NA,NA,NA,NA,NA,NA,NA,NA,NA,NA,NA,NA,NA,NA,NA,NA,"2016"
"177","2016-12-27",18624,"Memphis",TRUE,"USW00014739","BOSTON, MA US",42.3606,-71.0097,3.7,19.91,",,W",0,"T,,W,2400",0,",,W",NA,NA,51,"H,,S",58,",,W",39,",,W",NA,"",NA,"",NA,NA,NA,"",NA,"",NA,NA,NA,"",NA,NA,NA,NA,NA,NA,NA,NA,NA,NA,NA,NA,NA,NA,NA,NA,NA,NA,"2016"
"178","2016-12-30",18624,"Miami",TRUE,"USW00014739","BOSTON, MA US",42.3606,-71.0097,3.7,17.67,",,W",0,"T,,W,2400",0,"T,,W",NA,NA,36,"H,,S",41,",,W",30,",,W",NA,"",NA,"",NA,NA,NA,"",NA,"",NA,NA,NA,"",NA,NA,NA,NA,NA,NA,NA,NA,NA,NA,NA,NA,NA,NA,NA,NA,NA,NA,"2016"
"179","2017-01-03",18624,"Utah",TRUE,"USW00014739","BOSTON, MA US",42.3606,-71.0097,3.7,18.12,",,W",0.89,",,W,2400",0,",,W",NA,NA,41,"H,,S",44,",,W",40,",,W",1,",,W",NA,"",NA,NA,NA,"",NA,"",NA,NA,NA,"",NA,NA,NA,NA,NA,NA,NA,NA,NA,NA,NA,NA,NA,NA,NA,NA,NA,NA,"2017"
"180","2017-01-06",18624,"Philadelphia",TRUE,"USW00014739","BOSTON, MA US",42.3606,-71.0097,3.7,8.05,",,W",0.06,",,W,2400",1.1,",,W",NA,NA,29,"H,,S",31,",,W",24,",,W",1,",,W",NA,"",NA,NA,NA,"",NA,"",NA,NA,NA,"",NA,NA,NA,NA,NA,NA,NA,NA,NA,NA,NA,NA,NA,NA,NA,NA,NA,NA,"2017"
"181","2017-01-07",18624,"New Orleans",TRUE,"USW00014739","BOSTON, MA US",42.3606,-71.0097,3.7,14.32,",,W",0.53,",,W,2400",7,",,W",NA,NA,23,"H,,S",24,",,W",17,",,W",1,",,W",1,",,W",NA,NA,NA,"",NA,"",NA,NA,NA,"",NA,NA,NA,NA,NA,NA,NA,NA,NA,NA,NA,NA,NA,NA,NA,NA,NA,NA,"2017"
"182","2017-01-11",18624,"Washington",TRUE,"USW00014739","BOSTON, MA US",42.3606,-71.0097,3.7,14.99,",,W",0.09,",,W,2400",0,",,W",NA,NA,45,"H,,S",55,",,W",39,",,W",NA,"",NA,"",NA,NA,NA,"",NA,"",NA,NA,1,",,W",NA,NA,NA,NA,NA,NA,NA,NA,NA,NA,NA,NA,NA,NA,NA,NA,NA,NA,"2017"
"183","2017-01-16",18624,"Charlotte",TRUE,"USW00014739","BOSTON, MA US",42.3606,-71.0097,3.7,9.62,",,W",0,",,W,2400",0,",,W",NA,NA,31,"H,,S",42,",,W",23,",,W",NA,"",NA,"",NA,NA,NA,"",NA,"",NA,NA,NA,"",NA,NA,NA,NA,NA,NA,NA,NA,NA,NA,NA,NA,NA,NA,NA,NA,NA,NA,"2017"
"184","2017-01-18",18624,"New York",TRUE,"USW00014739","BOSTON, MA US",42.3606,-71.0097,3.7,13.87,",,W",0.36,",,W,2400",0,",,W",NA,NA,38,"H,,S",40,",,W",32,",,W",1,",,W",NA,"",NA,NA,NA,"",NA,"",NA,NA,NA,"",NA,NA,NA,NA,NA,NA,NA,NA,NA,NA,NA,NA,NA,NA,NA,NA,NA,NA,"2017"
"185","2017-01-21",18624,"Portland",TRUE,"USW00014739","BOSTON, MA US",42.3606,-71.0097,3.7,7.16,",,W",0,",,W,2400",0,",,W",NA,NA,43,"H,,S",55,",,W",37,",,W",1,",,W",NA,"",NA,NA,NA,"",NA,"",NA,NA,NA,"",NA,NA,NA,NA,NA,NA,NA,NA,NA,NA,NA,NA,NA,NA,NA,NA,NA,NA,"2017"
"186","2017-01-25",18624,"Houston",TRUE,"USW00014739","BOSTON, MA US",42.3606,-71.0097,3.7,15.66,",,W",0.02,",,W,2400",0,",,W",NA,NA,38,"H,,S",44,",,W",36,",,W",NA,"",NA,"",NA,NA,NA,"",NA,"",NA,NA,NA,"",NA,NA,NA,NA,NA,NA,NA,NA,NA,NA,NA,NA,NA,NA,NA,NA,NA,NA,"2017"
"187","2017-01-27",18624,"Orlando",TRUE,"USW00014739","BOSTON, MA US",42.3606,-71.0097,3.7,17.67,",,W",0,"T,,W,2400",0,"T,,W",NA,NA,41,"H,,S",44,",,W",36,",,W",NA,"",NA,"",NA,NA,NA,"",NA,"",NA,NA,NA,"",NA,NA,NA,NA,NA,NA,NA,NA,NA,NA,NA,NA,NA,NA,NA,NA,NA,NA,"2017"
"188","2017-01-30",18188,"Detroit",TRUE,"USW00014739","BOSTON, MA US",42.3606,-71.0097,3.7,9.84,",,W",0,",,W,2400",0,",,W",NA,NA,33,"H,,S",36,",,W",24,",,W",NA,"",NA,"",NA,NA,NA,"",NA,"",NA,NA,NA,"",NA,NA,NA,NA,NA,NA,NA,NA,NA,NA,NA,NA,NA,NA,NA,NA,NA,NA,"2017"
"189","2017-02-01",18624,"Toronto",TRUE,"USW00014739","BOSTON, MA US",42.3606,-71.0097,3.7,10.07,",,W",0.05,",,W,2400",0.8,",,W",NA,NA,32,"H,,S",43,",,W",27,",,W",1,",,W",NA,"",NA,NA,NA,"",NA,"",NA,NA,NA,"",NA,NA,NA,NA,NA,NA,NA,NA,NA,NA,NA,NA,NA,NA,NA,NA,NA,NA,"2017"
"190","2017-02-03",18624,"Los Angeles",TRUE,"USW00014739","BOSTON, MA US",42.3606,-71.0097,3.7,11.63,",,W",0,",,W,2400",0,",,W",NA,NA,30,"H,,S",33,",,W",25,",,W",NA,"",NA,"",NA,NA,NA,"",NA,"",NA,NA,NA,"",NA,NA,NA,NA,NA,NA,NA,NA,NA,NA,NA,NA,NA,NA,NA,NA,NA,NA,"2017"
"191","2017-02-05",18624,"LA",TRUE,"USW00014739","BOSTON, MA US",42.3606,-71.0097,3.7,13.42,",,W",0,",,W,2400",0,",,W",NA,NA,32,"H,,S",44,",,W",26,",,W",NA,"",NA,"",NA,NA,NA,"",NA,"",NA,NA,NA,"",NA,NA,NA,NA,NA,NA,NA,NA,NA,NA,NA,NA,NA,NA,NA,NA,NA,NA,"2017"
"192","2017-02-15",18624,"Philadelphia",TRUE,"USW00014739","BOSTON, MA US",42.3606,-71.0097,3.7,6.93,",,W",0.22,",,W,2400",0.1,",,W",NA,NA,32,"H,,S",40,",,W",27,",,W",1,",,W",NA,"",NA,NA,NA,"",NA,"",NA,NA,NA,"",NA,NA,NA,NA,NA,NA,NA,NA,NA,NA,NA,NA,NA,NA,NA,NA,NA,NA,"2017"
"193","2017-02-27",18624,"Atlanta",TRUE,"USW00014739","BOSTON, MA US",42.3606,-71.0097,3.7,16.78,",,W",0,",,W,2400",0,",,W",NA,NA,40,"H,,S",55,",,W",30,",,W",NA,"",NA,"",NA,NA,NA,"",NA,"",NA,NA,NA,"",NA,NA,NA,NA,NA,NA,NA,NA,NA,NA,NA,NA,NA,NA,NA,NA,NA,NA,"2017"
"194","2017-03-01",18624,"Cleveland",TRUE,"USW00014739","BOSTON, MA US",42.3606,-71.0097,3.7,14.54,",,W",0.02,",,W,2400",0,",,W",NA,NA,53,"H,,S",63,",,W",48,",,W",1,",,W",NA,"",NA,NA,NA,"",NA,"",NA,NA,NA,"",NA,NA,NA,NA,NA,NA,NA,NA,NA,NA,NA,NA,NA,NA,NA,NA,NA,NA,"2017"
"195","2017-03-12",18624,"Chicago",TRUE,"USW00014739","BOSTON, MA US",42.3606,-71.0097,3.7,16.55,",,W",0,",,W,2400",0,",,W",NA,NA,17,"H,,S",27,",,W",9,",,W",NA,"",NA,"",NA,NA,NA,"",NA,"",NA,NA,NA,"",NA,NA,NA,NA,NA,NA,NA,NA,NA,NA,NA,NA,NA,NA,NA,NA,NA,NA,"2017"
"196","2017-03-15",18624,"Minnesota",TRUE,"USW00014739","BOSTON, MA US",42.3606,-71.0097,3.7,19.46,",,W",0,",,W,2400",0,",,W",NA,NA,26,"H,,S",28,",,W",19,",,W",NA,"",NA,"",NA,NA,NA,"",NA,"",NA,NA,NA,"",NA,NA,NA,NA,NA,NA,NA,NA,NA,NA,NA,NA,NA,NA,NA,NA,NA,NA,"2017"
"197","2017-03-20",18624,"Washington",TRUE,"USW00014739","BOSTON, MA US",42.3606,-71.0097,3.7,11.41,",,W",0,",,W,2400",0,",,W",NA,NA,40,"H,,S",53,",,W",32,",,W",NA,"",NA,"",NA,NA,NA,"",NA,"",NA,NA,NA,"",NA,NA,NA,NA,NA,NA,NA,NA,NA,NA,NA,NA,NA,NA,NA,NA,NA,NA,"2017"
"198","2017-03-22",18624,"Indiana",TRUE,"USW00014739","BOSTON, MA US",42.3606,-71.0097,3.7,20.8,",,W",0,"T,,W,2400",0,"T,,W",NA,NA,38,"H,,S",43,",,W",18,",,W",NA,"",NA,"",NA,NA,NA,"",NA,"",NA,NA,1,",,W",NA,NA,NA,NA,NA,NA,NA,NA,NA,NA,NA,NA,NA,NA,NA,NA,NA,NA,"2017"
"199","2017-03-24",18624,"Phoenix",TRUE,"USW00014739","BOSTON, MA US",42.3606,-71.0097,3.7,10.51,",,W",0.03,",,W,2400",0,"T,,W",NA,NA,35,"H,,S",47,",,W",27,",,W",NA,"",NA,"",NA,NA,NA,"",NA,"",NA,NA,NA,"",NA,NA,NA,NA,NA,NA,NA,NA,NA,NA,NA,NA,NA,NA,NA,NA,NA,NA,"2017"
"200","2017-03-26",18624,"Miami",TRUE,"USW00014739","BOSTON, MA US",42.3606,-71.0097,3.7,11.41,",,W",0,"T,,W,2400",0,",,W",NA,NA,36,"H,,S",41,",,W",30,",,W",NA,"",NA,"",NA,NA,NA,"",NA,"",NA,NA,NA,"",NA,NA,NA,NA,NA,NA,NA,NA,NA,NA,NA,NA,NA,NA,NA,NA,NA,NA,"2017"
"201","2017-03-29",18624,"Milwaukee",TRUE,"USW00014739","BOSTON, MA US",42.3606,-71.0097,3.7,13.42,",,W",0.06,",,W,2400",0,",,W",NA,NA,40,"H,,S",47,",,W",37,",,W",1,",,W",NA,"",NA,NA,NA,"",NA,"",NA,NA,NA,"",NA,NA,NA,NA,NA,NA,NA,NA,NA,NA,NA,NA,NA,NA,NA,NA,NA,NA,"2017"
"202","2017-03-31",18624,"Orlando",TRUE,"USW00014739","BOSTON, MA US",42.3606,-71.0097,3.7,12.53,",,W",0.87,",,W,2400",0.6,",,W",NA,NA,37,"H,,S",40,",,W",33,",,W",1,",,W",NA,"",NA,NA,1,",,W",1,",,W",NA,NA,NA,"",NA,NA,NA,NA,NA,NA,NA,NA,NA,NA,NA,NA,NA,NA,NA,NA,NA,NA,"2017"
"203","2017-04-05",18624,"Cleveland",TRUE,"USW00014739","BOSTON, MA US",42.3606,-71.0097,3.7,8.28,",,W",0,"T,,W,2400",0,",,W",NA,NA,40,"H,,S",41,",,W",37,",,W",1,",,W",NA,"",NA,NA,NA,"",NA,"",NA,NA,NA,"",NA,NA,NA,NA,NA,NA,NA,NA,NA,NA,NA,NA,NA,NA,NA,NA,NA,NA,"2017"
"204","2017-04-10",18624,"Brooklyn",TRUE,"USW00014739","BOSTON, MA US",42.3606,-71.0097,3.7,12.3,",,W",0,",,W,2400",0,",,W",NA,NA,59,"H,,S",76,",,W",44,",,W",NA,"",NA,"",NA,NA,NA,"",NA,"",NA,NA,NA,"",NA,NA,NA,NA,NA,NA,NA,NA,NA,NA,NA,NA,NA,NA,NA,NA,NA,NA,"2017"
"205","2017-04-12",18624,"Milwaukee",TRUE,"USW00014739","BOSTON, MA US",42.3606,-71.0097,3.7,7.83,",,W",0.02,",,W,2400",0,",,W",NA,NA,55,"H,,S",60,",,W",48,",,W",1,",,W",NA,"",NA,NA,NA,"",NA,"",NA,NA,NA,"",NA,NA,NA,NA,NA,NA,NA,NA,NA,NA,NA,NA,NA,NA,NA,NA,NA,NA,"2017"
